<?xml version="1.0" encoding="UTF-8"?>
<launch4jConfig>
  <dontWrapJar>false</dontWrapJar>
  <headerType>gui</headerType>
  <jar>C:\Users\HB427JN\Documents\Github\EYSpy\release\v1\ey-object-spy.jar</jar>
  <outfile>C:\Users\HB427JN\Documents\Github\EYSpy\release\v1\EYObjectSpy.exe</outfile>
  <errTitle></errTitle>
  <cmdLine></cmdLine>
  <chdir>.</chdir>
  <priority>normal</priority>
  <downloadUrl>http://java.com/download</downloadUrl>
  <supportUrl></supportUrl>
  <stayAlive>false</stayAlive>
  <restartOnCrash>false</restartOnCrash>
  <manifest></manifest>
  <icon>C:\Users\HB427JN\Documents\Github\EYSpy\release\v1\EYlogo1.ico</icon>
  <jre>
    <path>C:\Program Files\Java\jdk-11.0.2</path>
    <bundledJre64Bit>true</bundledJre64Bit>
    <bundledJreAsFallback>false</bundledJreAsFallback>
    <minVersion>11</minVersion>
    <maxVersion></maxVersion>
    <jdkPreference>preferJdk</jdkPreference>
    <runtimeBits>64</runtimeBits>
  </jre>
</launch4jConfig>